DNI;nombre;apellido;telf;email;classe
PZHDSPYZ2;AS;Kegley;12332;lkegley15@tiny.cc;ASIX1
14877344Q;Kelwin;Gopsell;343973649;kgopsell0@indiegogo.com;ASIX1
27278144U;Joelle;Algy;974133402;jalgy1@google.co.jp;ASIX1
83666437M;Chan;Cafe;481064887;ccafe2@umich.edu;ASIX1
23913667L;Rosalie;Egdal;583823443;regdal3@netlog.com;ASIX1
10065947G;Alexis;Moxstead;717760288;amoxstead4@weather.com;ASIX1
59067077V;Loria;Dmych;150418269;ldmych5@nsw.gov.au;ASIX1
90307983L;Mariska;Cohrs;244046412;mcohrs6@xing.com;ASIX1
50615278Y;Florie;Garrat;974053892;fgarrat7@shinystat.com;ASIX1
23119465X;Chip;Paynter;352204721;cpaynter8@theatlantic.com;ASIX1
49291306K;Billy;Baudasso;175676533;bbaudasso9@unicef.org;ASIX1
77106133E;Davon;Penzer;804164490;dpenzera@google.cn;ASIX1
57161369O;Ephrem;de la Tremoille;717707097;edelatremoilleb@microsoft.com;ASIX1
79062449F;Whitney;Satterfitt;136954943;wsatterfittc@google.it;ASIX1
79573902K;Max;Kemsley;357731844;mkemsleyd@earthlink.net;ASIX1
92035225D;Livy;Stote;923094196;lstotee@networksolutions.com;ASIX1
25460653A;Sonny;Kupker;918011285;skupkerf@vistaprint.com;ASIX1
40871685F;Elia;McCallam;656296417;emccallamg@nature.com;ASIX1
80111847S;Bryon;Flori;682956518;bflorih@list-manage.com;ASIX1
21403741K;Zsazsa;Gomm;637078050;zgommi@newsvine.com;ASIX1
74296487J;Valdemar;Janauschek;387371204;vjanauschekj@wunderground.com;ASIX1
82894451Y;Fay;Zellner;063694078;fzellnerk@live.com;ASIX1
69437521S;Denny;Rooksby;142664612;drooksbyl@last.fm;ASIX1
02710803X;Bev;Folca;441972746;bfolcam@intel.com;ASIX1
32126973I;Darell;Rivilis;250447779;drivilisn@tinypic.com;ASIX1
38660516G;Tedda;Dowden;805796856;tdowdeno@liveinternet.ru;ASIX1
79683016U;Wyn;Ethridge;294094332;wethridgep@ning.com;ASIX1
10912426P;Fonz;Cestard;743171316;fcestardq@sciencedirect.com;ASIX1
08656032H;Carmon;Pattillo;281623508;cpattillor@cbslocal.com;ASIX1
92531505V;Wyatan;Wycliffe;402805987;wwycliffes@t.co;ASIX1
67578328U;Lyndy;Gillian;135885638;lgilliant@cnbc.com;ASIX1
33966033J;Finlay;Gallaher;966177620;fgallaheru@merriam-webster.com;ASIX1
12248397N;Lauralee;Morewood;125878132;lmorewoodv@google.cn;ASIX1
54285969B;Allis;Wilcock;107099098;awilcockw@ftc.gov;ASIX1
57648893J;Neala;Kohn;096547828;nkohnx@guardian.co.uk;ASIX1
99787066F;Monique;Eastup;217287739;meastupy@weebly.com;ASIX1
22952709Z;Adrien;Woodall;809913357;awoodallz@wikispaces.com;ASIX1
64589090K;Camey;Giovannacci;378235594;cgiovannacci10@smh.com.au;ASIX1
52677013I;Arlyn;Ville;379002620;aville11@si.edu;ASIX1
90773528E;Filia;Jado;527324057;fjado12@opera.com;ASIX1
41447496P;Reynold;Paunsford;831095378;rpaunsford13@vistaprint.com;ASIX1
52908021L;Maible;Harber;537415736;mharber14@acquirethisname.com;ASIX1
25404163J;Norean;Lethby;547846805;nlethby15@wikimedia.org;ASIX1
84866739X;Ricky;Heathcoat;021453768;rheathcoat16@wordpress.org;ASIX1
18379827G;Robinette;Landes;823460639;rlandes17@sakura.ne.jp;ASIX1
26920934T;Blair;Jeffries;365078224;bjeffries18@senate.gov;ASIX1
07713372H;Fabe;MacNally;850262777;fmacnally19@rambler.ru;ASIX1
53991473O;Clevie;Deadman;591275313;cdeadman1a@vkontakte.ru;ASIX1
24169911Z;Merissa;Bywaters;966265881;mbywaters1b@elegantthemes.com;ASIX1
51072869O;Kimberli;Brooker;092978710;kbrooker1c@fastcompany.com;ASIX1
83758964N;Ginni;St Pierre;346849797;gstpierre1d@smh.com.au;ASIX1
51177823M;Cristal;Chafer;860516399;cchafer1e@360.cn;ASIX1
37309234I;Ethelda;Ackwood;493772684;eackwood1f@walmart.com;ASIX1
45915350T;Flori;Chartman;341162441;fchartman1g@miitbeian.gov.cn;ASIX1
71559005V;Welch;Witul;765424056;wwitul1h@amazonaws.com;ASIX1
75254252A;Felizio;Scalera;223413847;fscalera1i@mit.edu;ASIX1
23977535O;Sebastiano;Lilloe;286437531;slilloe1j@usnews.com;ASIX1
63741375R;Katie;Dumini;194824936;kdumini1k@odnoklassniki.ru;ASIX1
11664553R;Gabriellia;Swigger;058029235;gswigger1l@moonfruit.com;ASIX1
90727659X;Claudina;McGarvie;816004455;cmcgarvie1m@webmd.com;ASIX1
37331864A;Isabelle;Semerad;812989516;isemerad1n@nasa.gov;ASIX1
41752933D;Fredia;Wrathmell;275992986;fwrathmell1o@jiathis.com;ASIX1
59395396F;Bartram;Raithby;320116935;braithby1p@independent.co.uk;ASIX1
29994202C;Marmaduke;Carthew;219174194;mcarthew1q@yandex.ru;ASIX1
66816144I;Christie;Richemont;520956841;crichemont1r@tripod.com;ASIX1
68289144Q;Wendall;Sherrum;487099551;wsherrum1s@bbb.org;ASIX1
09719630M;Fidelity;Wadforth;473569239;fwadforth1t@answers.com;ASIX1
91507632I;Venus;Nilles;602659767;vnilles1u@parallels.com;ASIX1
04521864M;Berte;Faucett;723770158;bfaucett1v@bing.com;ASIX1
20875971T;Franciska;Yabsley;777389218;fyabsley1w@de.vu;ASIX1
42012642L;Griffy;Castanie;914328498;gcastanie1x@google.co.uk;ASIX1
01889373C;Devon;Gynne;501320156;dgynne1y@ycombinator.com;ASIX1
92804680U;Kimberley;Fissenden;851638220;kfissenden1z@zimbio.com;ASIX1
76541545D;Andee;Trayes;303452565;atrayes20@time.com;ASIX1
51743550D;Farlee;MacAllan;662015506;fmacallan21@foxnews.com;ASIX1
41215765M;Karalee;Pregel;748778148;kpregel22@hexun.com;ASIX1
27445982S;Any;Rigmond;654088999;arigmond23@blog.com;ASIX1
78254896A;Jacky;Duxbarry;609659763;jduxbarry24@fastcompany.com;ASIX1
10944340R;Helge;Ferretti;117636827;hferretti25@statcounter.com;ASIX1
86285126M;Dionysus;Chanders;009102540;dchanders26@freewebs.com;ASIX1
11921575O;Hinda;Frid;714053578;hfrid27@trellian.com;ASIX1
41595661L;Auria;Dewis;476009580;adewis28@ustream.tv;ASIX1
72671469O;Gery;Messier;139511292;gmessier29@ebay.co.uk;ASIX1
58531333W;Cecilia;Lincoln;341128830;clincoln2a@bbb.org;ASIX1
57766130I;Meggi;Antonijevic;227583775;mantonijevic2b@com.com;ASIX1
13428685V;Shayla;Tregien;820720645;stregien2c@businessweek.com;ASIX1
04730018G;Shermie;Brinson;343550536;sbrinson2d@so-net.ne.jp;ASIX1
28120138I;Danya;Davidovsky;842480114;ddavidovsky2e@jalbum.net;ASIX1
78231517F;Ewan;Tyzack;181199428;etyzack2f@blogspot.com;ASIX1
89507272P;Shermy;Yggo;445847307;syggo2g@redcross.org;ASIX1
65870245J;Gradey;Stubbington;012273511;gstubbington2h@noaa.gov;ASIX1
60075582X;Johnnie;Fear;340354087;jfear2i@va.gov;ASIX1
38253180Z;Meara;Drioli;570328286;mdrioli2j@google.com.hk;ASIX1
43556754Q;Fannie;Smidmore;007596944;fsmidmore2k@amazon.co.jp;ASIX1
47204786T;Doretta;Barth;674094152;dbarth2l@scientificamerican.com;ASIX1
06428402S;Mari;Gockeler;684639467;mgockeler2m@ow.ly;ASIX1
72482199T;Krissy;Presser;447041733;kpresser2n@mlb.com;ASIX1
64458124K;Tommy;Pletts;818829141;tpletts2o@patch.com;ASIX1
97567841Y;Paulina;Wind;280306237;pwind2p@statcounter.com;ASIX1
87981320F;Koo;Mungin;944961568;kmungin2q@networksolutions.com;ASIX1
81559328I;Gaylene;Goodere;267522501;ggoodere2r@xinhuanet.com;ASIX1
33654439V;Cher;Butt;327640741;cbutt0@goo.gl;ASIX1
11768850E;Edita;Cuncarr;231847538;ecuncarr1@cbslocal.com;ASIX1
72953508F;Cherida;Shyre;637640725;cshyre2@istockphoto.com;ASIX1
83567699T;Harris;Southcott;863656105;hsouthcott3@webnode.com;ASIX1
95020696P;Celina;Timeby;209018720;ctimeby4@google.com.au;ASIX1
96582675F;Gerek;Totterdell;421558416;gtotterdell5@whitehouse.gov;ASIX1
31543385U;Claudia;Eglington;741708345;ceglington6@chicagotribune.com;ASIX1
21835119Q;Mike;Manus;604888546;mmanus7@digg.com;ASIX1
92451560Y;Erena;Fish;590753603;efish8@delicious.com;ASIX1
59656548K;Allissa;Pegler;848291981;apegler9@dion.ne.jp;ASIX1
81799967J;Holmes;Mapis;732619812;hmapisa@netscape.com;ASIX1
52783647D;Conni;Jandac;876813855;cjandacb@npr.org;ASIX1
17351803K;Eleen;Hurche;134639208;ehurchec@over-blog.com;ASIX1
12905837V;Hyacinthe;Lutzmann;300542277;hlutzmannd@nps.gov;ASIX1
01399669I;Randi;Hamlin;659109026;rhamline@spiegel.de;ASIX1
32261529A;Jaquelyn;Baxstar;287642081;jbaxstarf@drupal.org;ASIX1
92846574Q;Boycie;O'Hegertie;560337612;bohegertieg@hud.gov;ASIX1
22771958X;Maure;Slimm;970520403;mslimmh@furl.net;ASIX1
55608704X;Dene;Driutti;065485168;ddriuttii@google.com.br;ASIX1
37371014U;Eddy;Brough;288985323;ebroughj@networksolutions.com;ASIX1
83240460R;Allsun;Sailor;352372247;asailork@hostgator.com;ASIX1
14757272K;Decca;Flobert;490310955;dflobertl@ow.ly;ASIX1
87659934Q;Dareen;Domenichelli;865153712;ddomenichellim@springer.com;ASIX1
00851140M;Suki;Macbeth;637058327;smacbethn@aol.com;ASIX1
61984918A;Phaidra;De Bernardis;608355540;pdebernardiso@cam.ac.uk;ASIX1
77417514Q;Raviv;Lafflina;039323076;rlafflinap@yolasite.com;ASIX1
74369671M;Gunter;Auchterlonie;067001671;gauchterlonieq@tamu.edu;ASIX1
95403359E;Gabey;Dendle;926411101;gdendler@redcross.org;ASIX1
16607114Q;Jessalin;Alwell;665795935;jalwells@hhs.gov;ASIX1
10353745G;Tamma;MacAne;975589127;tmacanet@unc.edu;ASIX1
61639474Q;Ebba;Hrinchenko;745058221;ehrinchenkou@homestead.com;ASIX1
98172031S;Abagael;Sesser;003675125;asesserv@ucoz.com;ASIX1
68873840A;Lola;Fakeley;689522665;lfakeleyw@blog.com;ASIX1
46808860L;Ilyse;Ambler;305482782;iamblerx@sohu.com;ASIX1
00128165C;Reinaldo;Holliar;659066498;rholliary@twitter.com;ASIX1
32459612R;Louie;Cumpton;059990694;lcumptonz@qq.com;ASIX1
75184055D;Annabal;Hunnywell;559488882;ahunnywell10@pagesperso-orange.fr;ASIX1
74923742T;Tiler;Nockles;598274751;tnockles11@jugem.jp;ASIX1
15727210N;Nobie;Dukesbury;505454225;ndukesbury12@answers.com;ASIX1
41228492Z;Shari;Beeden;362806126;sbeeden13@fotki.com;ASIX1
94758128Y;Joela;Motherwell;851029299;jmotherwell14@nature.com;ASIX1
05765990T;Valle;Yurchenko;552409016;vyurchenko15@gravatar.com;ASIX1
69827391K;Griffith;Peppard;713250399;gpeppard16@ucla.edu;ASIX1
87437658Q;Arlinda;Aird;362297956;aaird17@com.com;ASIX1
52412154Q;Vannie;Williamson;140283229;vwilliamson18@arizona.edu;ASIX1
07847152Z;Clifford;Gifford;334383536;cgifford19@is.gd;ASIX1
85711354S;Gratia;Gotthard.sf;585080597;ggotthardsf1a@stanford.edu;ASIX1
53898836I;Sampson;Cookes;529283301;scookes1b@multiply.com;ASIX1
79206390G;Hubey;Gundrey;933319891;hgundrey1c@vk.com;ASIX1
94274152L;Hillard;Paskell;481385107;hpaskell1d@myspace.com;ASIX1
03217589G;Carla;Winn;396419547;cwinn1e@sina.com.cn;ASIX1
66228751V;Yvon;Nano;807800365;ynano1f@edublogs.org;ASIX1
87376488M;Meg;Lote;979251229;mlote1g@toplist.cz;ASIX1
99110068M;Devlin;Drust;574375007;ddrust1h@ow.ly;ASIX1
63955543F;Letizia;Lissenden;604071644;llissenden1i@google.de;ASIX1
21151526U;Sher;Cowles;673364407;scowles1j@army.mil;ASIX1
27614654L;Persis;Woodroffe;098828688;pwoodroffe1k@cdbaby.com;ASIX1
02568992B;Shawnee;Meakes;034908609;smeakes1l@unesco.org;ASIX1
71439585A;Briney;Lambkin;828878713;blambkin1m@shop-pro.jp;ASIX1
05429887N;Doralyn;Crummay;322052939;dcrummay1n@jalbum.net;ASIX1
44063751R;Ali;Wasteney;678881616;awasteney1o@examiner.com;ASIX1
38565723K;Lavina;Loreit;037712216;lloreit1p@ycombinator.com;ASIX1
29908296E;Mead;Benet;582288209;mbenet1q@kickstarter.com;ASIX1
33945301I;Brion;Trobey;643130092;btrobey1r@lycos.com;ASIX1
14117432L;Alexandre;Norvill;314520847;anorvill1s@1und1.de;ASIX1
90141571R;Sigismondo;Colenutt;692119813;scolenutt1t@istockphoto.com;ASIX1
72459810T;Leonard;Cahen;531731075;lcahen1u@nature.com;ASIX1
54778170K;Dillon;Cronin;834391654;dcronin1v@icio.us;ASIX1
57403181Y;Cinda;Lobell;763162285;clobell1w@skyrock.com;ASIX1
66633961H;Ezmeralda;Relfe;479223136;erelfe1x@moonfruit.com;ASIX1
52136874Z;Thedric;Agutter;732419553;tagutter1y@eventbrite.com;ASIX1
63725238K;Fitz;Jandac;835920351;fjandac1z@princeton.edu;ASIX1
96572856L;Ediva;Frankton;413768237;efrankton20@nifty.com;ASIX1
89940250I;Lynnett;MacParlan;068600196;lmacparlan21@cbc.ca;ASIX1
00773791N;Andie;Redborn;648203400;aredborn22@cnbc.com;ASIX1
97783483F;Meier;Fearns;058189169;mfearns23@theatlantic.com;ASIX1
42068286L;Aprilette;Tenney;731169636;atenney24@ft.com;ASIX1
72237108G;Gibb;Justun;257096678;gjustun25@ifeng.com;ASIX1
30458454W;Aubine;Patroni;523171837;apatroni26@marketwatch.com;ASIX1
70414859G;Emyle;Shillam;110729595;eshillam27@narod.ru;ASIX1
87721738O;Neale;Mayhead;613839464;nmayhead28@flavors.me;ASIX1
07896735Q;Shurlock;Goom;499420294;sgoom29@opensource.org;ASIX1
82438173G;Rhonda;Trewett;783944613;rtrewett2a@businesswire.com;ASIX1
44239166K;Barny;Merrick;293024486;bmerrick2b@alibaba.com;ASIX1
37556943B;Brodie;Shaughnessy;753437724;bshaughnessy2c@geocities.com;ASIX1
74727070M;Gayler;Ebenezer;120075535;gebenezer2d@fotki.com;ASIX1
85246380I;Reiko;Groundwator;471854128;rgroundwator2e@answers.com;ASIX1
53402175F;Terza;Dubery;952449933;tdubery2f@goo.gl;ASIX1
35622447C;Almeria;Blackborow;010053068;ablackborow2g@mac.com;ASIX1
40612466L;Nick;Rustan;573213152;nrustan2h@cdbaby.com;ASIX1
29696730Q;Ophelie;Camplin;762777568;ocamplin2i@chron.com;ASIX1
94300025Q;Malissa;Dax;603280672;mdax2j@howstuffworks.com;ASIX1
62007663E;Mersey;Middiff;968702993;mmiddiff2k@1und1.de;ASIX1
82244261L;Letitia;Rishworth;068345811;lrishworth2l@aboutads.info;ASIX1
74860334P;Barny;Moores;817269492;bmoores2m@gov.uk;ASIX1
62444006L;Loy;Tirte;299870264;ltirte2n@wix.com;ASIX1
05685020Y;Leora;Grummitt;295335404;lgrummitt2o@sciencedirect.com;ASIX1
92854873Q;Jerome;Mumbey;337079810;jmumbey2p@vkontakte.ru;ASIX1
76702121I;Jamie;Sherme;601378542;jsherme2q@scribd.com;ASIX1
77529892F;Mavra;Nibley;137531985;mnibley2r@devhub.com;ASIX1
65219379Z;Alvie;Badsey;721737062;abadsey0@soup.io;ASIX1
36377245N;Floris;Bulstrode;663259884;fbulstrode1@skyrock.com;ASIX1
25040722Y;Julia;Bett;681259928;jbett2@etsy.com;ASIX1
34097988D;Charissa;Pillinger;667074030;cpillinger3@businesswire.com;ASIX1
98994882J;Forster;Saynor;771793782;fsaynor4@mac.com;ASIX1
91823375G;Lethia;Starford;030588348;lstarford5@hostgator.com;ASIX1
94856293U;Fidelity;Pauleau;644057964;fpauleau6@buzzfeed.com;ASIX1
08547144T;Ailee;Perks;822240474;aperks7@latimes.com;ASIX1
65081721F;Emery;Draper;175572297;edraper8@i2i.jp;ASIX1
67668288V;Kristien;Ipgrave;556427766;kipgrave9@blogspot.com;ASIX1
42536716X;Tania;Laming;852336684;tlaminga@ox.ac.uk;ASIX1
87827827P;Eustace;Glasspool;368268062;eglasspoolb@fda.gov;ASIX1
96159804Z;Emory;Spensley;840367505;espensleyc@addthis.com;ASIX1
08623455K;Shirlene;Freke;225957785;sfreked@army.mil;ASIX1
68968268A;Robinett;Pittoli;025192977;rpittolie@weibo.com;ASIX1
58602060T;Nicko;Martel;982610239;nmartelf@cdbaby.com;ASIX1
30254578M;Karena;Chilvers;129248963;kchilversg@tinypic.com;ASIX1
32734886J;Dinnie;Matthesius;094596198;dmatthesiush@bloomberg.com;ASIX1
33960947D;Clive;Poundford;326485500;cpoundfordi@whitehouse.gov;ASIX1
86125932E;Linnell;Peyto;372336610;lpeytoj@csmonitor.com;ASIX1
33989325V;Flory;Forge;528148948;fforgek@dyndns.org;ASIX1
40513576H;Marsh;Pennrington;757307785;mpennringtonl@jalbum.net;ASIX1
44277987J;Neddy;Legge;397154080;nleggem@prnewswire.com;ASIX1
46977229Y;Lexi;McCadden;690219926;lmccaddenn@sakura.ne.jp;ASIX1
84496412D;Jareb;Bordiss;222983052;jbordisso@about.com;ASIX1
82230863Y;Chere;Di Carlo;051465483;cdicarlop@geocities.com;ASIX1
36446548Q;Grace;Sigfrid;185539013;gsigfridq@nyu.edu;ASIX1
11535210K;Loraine;Persitt;539609138;lpersittr@answers.com;ASIX1
47380207K;Melisa;Fairweather;051608863;mfairweathers@webmd.com;ASIX1
84293154T;Marni;Chiverstone;673881834;mchiverstonet@mlb.com;ASIX1
20833319R;Lewie;Baulk;060619316;lbaulku@privacy.gov.au;ASIX1
45844212K;Nonna;Elmar;039537523;nelmarv@aboutads.info;ASIX1
99581554Q;Madelena;Krout;057904226;mkroutw@phoca.cz;ASIX1
42961700W;Rainer;Kynan;293718521;rkynanx@princeton.edu;ASIX1
63742284I;Bennett;Kirby;760204526;bkirbyy@plala.or.jp;ASIX1
79742394Q;Dena;Lowin;429533259;dlowinz@myspace.com;ASIX1
82882314Q;Tudor;Hadgkiss;318186363;thadgkiss10@pagesperso-orange.fr;ASIX1
57635243E;Pascal;McElree;776130459;pmcelree11@phpbb.com;ASIX1
98737963F;Rees;McCandless;511857024;rmccandless12@zimbio.com;ASIX1
53225556H;Frazer;Yarnton;487661571;fyarnton13@msu.edu;ASIX1
41914680B;Sophie;Fishpond;494294870;sfishpond14@people.com.cn;ASIX1
15649262N;Angel;Pargeter;100628763;apargeter15@dagondesign.com;ASIX1
28146561T;Pacorro;Warlow;932195808;pwarlow16@mysql.com;ASIX1
96352455R;Jayme;McConnulty;367617401;jmcconnulty17@discuz.net;ASIX1
95067564H;Hugh;Paolinelli;226449097;hpaolinelli18@bluehost.com;ASIX1
04208584J;Zara;Jude;582552082;zjude19@squarespace.com;ASIX1
85636397Z;Davon;Buddington;773699728;dbuddington1a@vinaora.com;ASIX1
49257097I;Lolly;Rocks;049075964;lrocks1b@ibm.com;ASIX1
38860691W;Dee dee;Condon;788469140;dcondon1c@freewebs.com;ASIX1
22995930U;Rosalinde;Betz;244192533;rbetz1d@cbslocal.com;ASIX1
87441328J;Rycca;Whitesel;067971343;rwhitesel1e@miibeian.gov.cn;ASIX1
68508992W;Roslyn;Bleythin;551327851;rbleythin1f@shutterfly.com;ASIX1
10993767Q;Francesca;Benettolo;507587491;fbenettolo1g@google.pl;ASIX1
68830067Y;Anton;Hastie;109219091;ahastie1h@sohu.com;ASIX1
60717081G;Roseanne;Becarra;921949825;rbecarra1i@multiply.com;ASIX1
95174162K;Eadmund;Spurdens;714648082;espurdens1j@vkontakte.ru;ASIX1
49216336H;Sophronia;Crissil;763106600;scrissil1k@unesco.org;ASIX1
71427145C;Avie;Brindle;561324979;abrindle1l@google.nl;ASIX1
68145918V;Greg;Wadie;780715040;gwadie1m@google.cn;ASIX1
72882707P;Ali;Langeley;811740388;alangeley1n@lycos.com;ASIX1
09601204U;Twila;Riceards;783856585;triceards1o@bluehost.com;ASIX1
57070134L;Othella;Pech;731899658;opech1p@omniture.com;ASIX1
84729283F;Farrel;Goreisr;202612494;fgoreisr1q@youtu.be;ASIX1
04208740E;Jessica;Freegard;616535797;jfreegard1r@boston.com;ASIX1
73009929G;Charlene;Godleman;552625997;cgodleman1s@virginia.edu;ASIX1
76284551O;Colas;Stockhill;380442126;cstockhill1t@4shared.com;ASIX1
82867216P;Zorana;Bullick;626835337;zbullick1u@xinhuanet.com;ASIX1
84393892Z;Tobey;Queenborough;230447275;tqueenborough1v@discuz.net;ASIX1
54741280N;Josefa;Bains;605202007;jbains1w@narod.ru;ASIX1
06849127V;Lyssa;Bartolozzi;304435992;lbartolozzi1x@geocities.com;ASIX1
74433849M;Babb;Stiffell;464210903;bstiffell1y@bloomberg.com;ASIX1
29377516Z;Glynn;Henden;647302740;ghenden1z@rambler.ru;ASIX1
35697984L;Alic;Batte;832287853;abatte20@1und1.de;ASIX1
04415172V;Anabel;McBlain;585321876;amcblain21@seattletimes.com;ASIX1
11672678V;Marcelo;Cosgrave;099260105;mcosgrave22@behance.net;ASIX1
31199148Q;Angelina;Berston;973508358;asdasd@gmail.com;ASIX1
26950477C;Jackqueliness;Olliers;627413565;asdasds@gmail.com;ASIX2
67994314H;Brandais;Firebrace;481121654;bfirebrace23@smh.com.au;SMX1
91918826H;Demetre;Lashbrook;803480944;dlashbrook24@cargocollective.com;SMX1
32447587U;Yancy;Winfindine;821885030;ywinfindine25@ifeng.com;SMX1
54559960M;Alvinia;McKomb;069023919;amckomb26@example.com;SMX1
91382382E;Ker;Swan;165031891;kswan27@imageshack.us;SMX1
26250068J;Koressa;Elkin;359414215;kelkin28@wired.com;SMX1
29378471F;Tabitha;Roalfe;702120299;troalfe29@bravesites.com;SMX1
85864781A;Donavon;McCanny;463346928;dmccanny2a@example.com;SMX1
25786189K;Gearard;Kristof;859490004;gkristof2b@multiply.com;SMX1
79219150W;Johannes;Potteridge;867385243;jpotteridge2c@histats.com;SMX1
10935751V;Hillier;Fogden;023911647;hfogden2d@wufoo.com;SMX1
50707579Q;Keefer;Bedford;862897266;kbedford2e@cbc.ca;SMX1
82718775Q;Mortie;Lambart;537850767;mlambart2f@wufoo.com;SMX1
